index,key,time_ns,steps,deleted
0,297950,5750,24,1
1,2806,2625,28,1
2,340882,1958,28,1
3,1641,1208,29,1
4,279474,2000,23,1
5,737450,1542,25,1
6,915216,1375,26,1
7,50069,3417,31,1
8,156783,1292,24,1
9,600557,1333,25,1
10,915701,1166,25,1
11,400081,2833,30,1
12,579078,1459,24,1
13,309031,1583,26,1
14,376418,1959,22,1
15,953208,1458,21,1
16,398383,1625,25,1
17,973673,2500,25,1
18,338335,1500,21,1
19,468882,1500,23,1
20,739486,1666,25,1
21,728717,1333,24,1
22,515828,1667,28,1
23,82660,1334,22,1
24,862277,1208,14,1
25,610949,1375,25,1
26,746455,1417,23,1
27,136075,1375,26,1
28,514427,1833,28,1
29,910386,1542,24,1
30,246630,1542,24,1
31,938982,1459,21,1
32,759621,1750,26,1
33,676503,1292,22,1
34,13369,1125,22,1
35,542896,1625,24,1
36,588957,1500,28,1
37,942190,1375,23,1
38,826868,1584,28,1
39,731106,1417,23,1
40,523060,1375,27,1
41,483221,1500,25,1
42,965940,1042,17,1
43,485855,1625,28,1
44,908537,1417,25,1
45,766537,1667,25,1
46,230020,1166,23,1
47,800962,1250,23,1
48,805968,1375,25,1
49,861575,1167,23,1
50,791616,1375,21,1
51,576803,1541,23,1
52,770926,1500,26,1
53,601762,1209,22,1
54,939310,1291,23,1
55,766438,1333,28,1
56,920342,1042,21,1
57,783998,1333,25,1
58,15441,1750,27,1
59,673972,1417,25,1
60,817019,1542,25,1
61,53326,1292,26,1
62,695613,1334,25,1
63,21216,1167,27,1
64,808240,1500,25,1
65,340465,1250,22,1
66,51296,1250,28,1
67,101884,1166,20,1
68,893086,1250,22,1
69,821875,1791,29,1
70,429400,1500,21,1
71,387152,1375,26,1
72,243119,1416,24,1
73,73200,1125,25,1
74,416225,1417,25,1
75,118424,1208,24,1
76,86432,1542,26,1
77,495037,1375,25,1
78,663647,1459,24,1
79,943611,1250,20,1
80,724088,1667,25,1
81,70836,1292,25,1
82,229472,1375,26,1
83,977344,1292,22,1
84,775754,1084,20,1
85,788388,1250,26,1
86,385398,1667,27,1
87,335040,1334,24,1
88,628438,1458,23,1
89,471030,1541,27,1
90,491466,1292,24,1
91,298831,2125,26,1
92,383543,1250,24,1
93,483368,1458,28,1
94,682760,1291,24,1
95,709642,1625,23,1
96,582317,1375,22,1
97,578444,1459,25,1
98,477451,1250,24,1
99,573620,1417,25,1
100,564740,1459,25,1
101,590654,1625,25,1
102,687555,1333,24,1
103,945170,1250,24,1
104,789360,1458,28,1
105,964579,1167,22,1
106,287287,1291,25,1
107,810892,1166,21,1
108,920102,1333,24,1
109,507775,1250,21,1
110,247232,1209,23,1
111,571016,1333,25,1
112,997503,1583,20,1
113,994764,1042,19,1
114,858137,1459,26,1
115,261251,1750,25,1
116,385605,1292,26,1
117,813865,1500,24,1
118,208574,1500,28,1
119,892932,1375,25,1
120,122344,1291,26,1
121,166317,1375,27,1
122,313922,1250,26,1
123,414813,1375,26,1
124,694664,1375,26,1
125,363252,1334,26,1
126,712527,1375,23,1
127,153012,1708,28,1
128,717645,1500,26,1
129,6946,1208,27,1
130,962527,1375,20,1
131,599122,1416,25,1
132,332442,1125,22,1
133,371107,1333,22,1
134,577080,1292,26,1
135,474380,1334,23,1
136,874626,1292,24,1
137,916579,1375,22,1
138,600535,1500,26,1
139,348322,1333,26,1
140,286707,1209,24,1
141,608094,1708,28,1
142,73808,1250,27,1
143,858131,1333,26,1
144,113133,1833,25,1
145,163282,1250,20,1
146,838770,1250,23,1
147,983355,1375,20,1
148,322452,1208,21,1
149,195693,1250,23,1
150,344433,1292,27,1
151,249186,1375,28,1
152,637968,1250,25,1
153,846827,1416,26,1
154,33165,1375,29,1
155,669990,1750,27,1
156,708030,1250,24,1
157,406225,1292,24,1
158,679415,1459,25,1
159,278086,1542,27,1
160,497127,1333,26,1
161,125711,1250,24,1
162,786554,1000,17,1
163,693151,1292,26,1
164,574780,1292,24,1
165,120021,1375,23,1
166,565493,1333,27,1
167,244316,1333,25,1
168,771524,1459,28,1
169,636031,1416,28,1
170,425801,1292,23,1
171,6688,1333,28,1
172,385549,1084,24,1
173,177194,1333,27,1
174,727745,1375,26,1
175,578117,1000,20,1
176,712731,1333,21,1
177,811260,1542,25,1
178,934954,1208,24,1
179,592961,1166,24,1
180,845665,1333,24,1
181,786610,1167,27,1
182,581129,1292,25,1
183,159494,1208,21,1
184,644719,1334,26,1
185,949315,1208,21,1
186,840347,1667,24,1
187,325237,1375,23,1
188,448480,1375,23,1
189,551364,1375,25,1
190,519390,1500,28,1
191,178853,1375,26,1
192,108014,1375,25,1
193,791646,1334,24,1
194,620645,1416,25,1
195,263551,1458,23,1
196,477080,1542,24,1
197,574252,1417,24,1
198,135048,1375,24,1
199,491898,1333,24,1
200,189118,1375,28,1
201,284686,1625,24,1
202,383011,1500,27,1
203,612402,1500,24,1
204,730918,1333,22,1
205,746386,1250,21,1
206,868171,1333,22,1
207,546013,1542,23,1
208,365974,1625,25,1
209,259410,1416,25,1
210,973556,1541,25,1
211,538290,1416,23,1
212,510512,1750,29,1
213,556117,1375,24,1
214,762848,1416,23,1
215,997068,1250,19,1
216,625114,1334,23,1
217,171743,1291,28,1
218,821274,1500,26,1
219,361889,1458,28,1
220,209506,1917,29,1
221,613887,1334,23,1
222,436741,1917,24,1
223,9718,1583,28,1
224,553350,1416,24,1
225,63183,1500,26,1
226,818911,1708,24,1
227,94783,1459,26,1
228,114120,1375,23,1
229,453874,1416,25,1
230,908880,1416,23,1
231,717270,1541,27,1
232,889174,1583,26,1
233,548737,1416,24,1
234,953814,1416,24,1
235,332126,1333,23,1
236,138891,1375,23,1
237,808689,1292,25,1
238,452918,1459,26,1
239,34678,1375,25,1
240,958862,1333,22,1
241,118549,1291,26,1
242,780763,1458,25,1
243,62536,1334,26,1
244,708341,1208,22,1
245,843707,1375,26,1
246,146584,1375,23,1
247,889054,1458,25,1
248,509463,1334,25,1
249,410781,1541,29,1
250,206013,1583,29,1
251,149150,1459,22,1
252,309223,1542,29,1
253,419454,1416,26,1
254,11992,1375,28,1
255,454780,6416,29,1
256,480103,1542,25,1
257,913630,1750,24,1
258,384124,1334,26,1
259,291477,1291,22,1
260,625174,1291,22,1
261,215781,1041,21,1
262,174390,1458,27,1
263,590526,1625,28,1
264,293367,1416,23,1
265,812234,1500,25,1
266,290422,1250,24,1
267,612025,1083,19,1
268,145118,1500,25,1
269,142240,1583,25,1
270,753505,1542,27,1
271,233366,1375,22,1
272,886393,1583,24,1
273,468128,1084,19,1
274,151669,1291,24,1
275,501609,1333,23,1
276,221687,1375,26,1
277,140601,1416,23,1
278,382555,1375,27,1
279,173149,1333,26,1
280,586073,1417,23,1
281,550745,1417,23,1
282,222653,1209,24,1
283,388029,4500,32,1
284,719623,1625,24,1
285,982106,1333,21,1
286,370775,1333,24,1
287,55709,1375,29,1
288,94579,1500,26,1
289,365510,1291,26,1
290,676857,4166,29,1
291,105429,1417,24,1
292,231943,1375,25,1
293,638585,1208,23,1
294,487468,1459,26,1
295,137003,1417,25,1
296,43803,1666,27,1
297,187556,1416,28,1
298,424534,1333,24,1
299,602728,1500,24,1
300,980270,1209,21,1
301,880691,1583,25,1
302,82290,1750,27,1
303,561895,1292,20,1
304,855130,1958,29,1
305,282147,1459,25,1
306,745958,1166,18,1
307,407778,1416,26,1
308,696102,1416,25,1
309,84217,1292,25,1
310,154722,1291,25,1
311,72519,1250,24,1
312,187655,1292,27,1
313,809653,1334,24,1
314,635054,1333,28,1
315,761412,1416,27,1
316,922041,1333,20,1
317,682142,1459,24,1
318,551641,1375,26,1
319,960425,1375,22,1
320,926686,1334,18,1
321,721591,1333,25,1
322,154000,1250,24,1
323,430817,1542,29,1
324,816450,1334,25,1
325,881640,1458,24,1
326,975671,1417,22,1
327,678160,1292,23,1
328,662056,1458,25,1
329,68459,1375,28,1
330,415713,1166,20,1
331,351285,1333,26,1
332,456113,1292,24,1
333,498425,1500,25,1
334,526429,1375,26,1
335,120295,3166,30,1
336,233239,1375,22,1
337,387346,2958,34,1
338,741522,1292,21,1
339,475302,1541,25,1
340,169079,1583,27,1
341,84003,1417,27,1
342,434131,1625,30,1
343,545584,1458,26,1
344,380806,1250,23,1
345,451575,1417,26,1
346,692985,1542,26,1
347,880153,1250,23,1
348,747252,1375,23,1
349,74269,1667,29,1
350,732698,1333,23,1
351,593831,1792,26,1
352,734734,1542,26,1
353,691445,1291,22,1
354,66614,1375,26,1
355,803062,1375,25,1
356,917694,1291,24,1
357,51041,1208,25,1
358,474515,1375,26,1
359,54582,1291,25,1
360,937657,1416,24,1
361,281881,1666,28,1
362,154888,1250,23,1
363,661287,1333,24,1
364,924999,1375,22,1
365,843059,1583,28,1
366,397701,1458,26,1
367,260298,1250,22,1
368,919810,3041,33,1
369,151158,1250,23,1
370,688458,1375,24,1
371,665906,1542,26,1
372,862284,1292,24,1
373,608159,1583,28,1
374,888457,2625,33,1
375,527787,1209,23,1
376,894218,1416,24,1
377,895297,1208,19,1
378,207964,1209,23,1
379,721467,1625,28,1
380,170388,1458,26,1
381,31245,1625,27,1
382,333633,1417,25,1
383,731515,1375,23,1
384,315760,1458,26,1
385,820348,1375,27,1
386,236829,1250,23,1
387,914337,1334,24,1
388,475780,1541,25,1
389,11902,1375,26,1
390,768171,1500,24,1
391,579721,1833,28,1
392,719051,1334,23,1
393,103199,1291,25,1
394,777748,1125,20,1
395,996910,1291,19,1
396,692819,2417,35,1
397,600539,2584,30,1
398,260323,1667,25,1
399,634566,1375,21,1
400,71745,1333,21,1
401,259580,2584,33,1
402,785409,1541,23,1
403,976843,1625,24,1
404,443482,1375,25,1
405,816965,1708,27,1
406,81722,1333,25,1
407,984559,1250,16,1
408,965102,1500,25,1
409,500642,1458,25,1
410,643685,1709,29,1
411,443941,1208,24,1
412,771712,1333,25,1
413,85132,1500,26,1
414,556380,1416,27,1
415,955859,1375,24,1
416,342028,1750,29,1
417,180223,1416,27,1
418,224644,1416,23,1
419,382365,1333,27,1
420,906229,1667,25,1
421,669321,1375,25,1
422,791788,1583,25,1
423,603081,1625,23,1
424,309478,1417,26,1
425,971525,1375,22,1
426,321385,1375,24,1
427,918965,1250,21,1
428,762428,1375,25,1
429,71604,2833,35,1
430,823482,1834,28,1
431,599705,1500,26,1
432,981847,1208,19,1
433,287637,2666,35,1
434,298769,1666,26,1
435,292076,1334,22,1
436,496250,1416,24,1
437,46785,1541,30,1
438,912118,1333,23,1
439,155399,1584,25,1
440,741536,1500,21,1
441,561148,1416,25,1
442,821968,1416,26,1
443,405117,1417,26,1
444,799050,2042,25,1
445,36333,1375,25,1
446,577237,1208,23,1
447,251998,1375,26,1
448,649254,1459,26,1
449,19928,1500,29,1
450,945054,1334,23,1
451,456527,1416,24,1
452,525601,1541,26,1
453,330927,1541,23,1
454,431229,1583,29,1
455,368075,1500,25,1
456,92319,1333,26,1
457,344296,1292,26,1
458,683502,1250,22,1
459,452826,1209,25,1
460,316062,1208,23,1
461,648053,1291,22,1
462,721979,1459,27,1
463,733600,1291,23,1
464,788796,2250,32,1
465,286605,1250,24,1
466,337743,1459,22,1
467,911528,1291,21,1
468,372788,1625,28,1
469,41159,1375,25,1
470,486769,1166,23,1
471,30217,1459,26,1
472,293805,1250,24,1
473,200052,1333,27,1
474,687238,1375,25,1
475,340132,1375,20,1
476,565611,1625,27,1
477,342708,1334,24,1
478,417569,1291,25,1
479,632790,1417,27,1
480,499285,1459,27,1
481,172656,1416,27,1
482,57175,1458,29,1
483,156558,1209,22,1
484,919036,1250,23,1
485,41338,1375,25,1
486,434604,1291,26,1
487,718710,1250,23,1
488,946661,1041,18,1
489,155876,1209,23,1
490,466340,1333,24,1
491,33797,1417,25,1
492,689276,1209,23,1
493,859223,1250,22,1
494,66858,1125,24,1
495,33959,1500,26,1
496,819489,834,14,1
497,850361,1333,24,1
498,180909,1375,28,1
499,192989,1625,26,1
500,136307,1250,24,1
501,46178,1375,24,1
502,478939,1375,25,1
503,159339,1125,21,1
504,550608,1334,23,1
505,901260,1500,25,1
506,919332,1250,22,1
507,653899,1375,25,1
508,694126,1042,20,1
509,642040,1125,24,1
510,83668,1333,26,1
511,476783,1500,25,1
512,811160,1291,25,1
513,793989,1291,27,1
514,503705,1375,25,1
515,923783,1333,22,1
516,23006,1375,25,1
517,842961,1125,25,1
518,299900,1209,23,1
519,784057,1250,24,1
520,323257,1375,27,1
521,300851,1166,24,1
522,164736,1333,26,1
523,668481,1292,24,1
524,655699,1334,24,1
525,435811,1375,25,1
526,719401,1125,20,1
527,719797,1208,24,1
528,576711,1333,23,1
529,470989,1084,25,1
530,978347,1000,14,1
531,261737,1583,23,1
532,637087,1084,24,1
533,605398,1375,24,1
534,639099,1042,23,1
535,301602,1250,25,1
536,967243,1041,17,1
537,28277,1334,27,1
538,507754,1458,24,1
539,991341,1583,19,1
540,316504,1459,24,1
541,500906,1125,24,1
542,754640,1417,27,1
543,301245,1125,25,1
544,982177,1209,22,1
545,482993,1333,25,1
546,228487,1250,24,1
547,39808,1125,26,1
548,435099,1375,26,1
549,765991,1208,26,1
550,276184,2000,29,1
551,199837,1167,27,1
552,301339,1000,23,1
553,999742,1250,19,1
554,134444,1333,25,1
555,582790,1416,26,1
556,200846,1208,26,1
557,185414,1375,23,1
558,187848,1250,28,1
559,870709,1333,25,1
560,388197,1250,27,1
561,674226,1208,25,1
562,337667,1208,22,1
563,745636,1209,22,1
564,416177,1125,22,1
565,147272,1292,24,1
566,158291,1375,22,1
567,100618,1167,24,1
568,526492,1125,25,1
569,567452,1209,25,1
570,808714,1125,23,1
571,638552,1167,25,1
572,619285,1208,24,1
573,595049,1500,27,1
574,71943,1167,26,1
575,426912,1167,22,1
576,566457,1375,28,1
577,455845,1208,23,1
578,474426,1125,25,1
579,492199,2167,34,1
580,515277,1292,25,1
581,462463,1291,24,1
582,527277,916,20,1
583,723847,1292,25,1
584,710860,1042,21,1
585,474752,1292,28,1
586,861614,1084,21,1
587,681434,1208,26,1
588,417501,1334,28,1
589,323405,1416,27,1
590,911878,1166,21,1
591,375480,1416,28,1
592,538170,1292,26,1
593,348049,1125,26,1
594,990172,1083,18,1
595,447953,1375,29,1
596,648134,1291,24,1
597,668508,1208,24,1
598,757169,1209,26,1
599,277512,1167,26,1
600,317330,1083,23,1
601,676910,1167,27,1
602,822459,1125,25,1
603,731511,1125,23,1
604,288340,1291,26,1
605,672551,1541,27,1
606,39179,1333,25,1
607,786627,1417,30,1
608,216917,1334,24,1
609,216900,1000,24,1
610,245885,1167,25,1
611,169835,1167,27,1
612,886089,1292,23,1
613,860900,1166,19,1
614,70635,958,21,1
615,902593,1584,25,1
616,645973,1208,25,1
617,76366,1375,26,1
618,967157,916,17,1
619,775508,1292,23,1
620,444921,1292,27,1
621,112609,1250,24,1
622,85956,1208,27,1
623,783172,1375,26,1
624,280440,1166,25,1
625,763935,1250,25,1
626,183701,1250,24,1
627,700675,1291,26,1
628,395020,1250,24,1
629,836224,1292,23,1
630,163918,2375,30,1
631,987336,1209,23,1
632,386163,1250,25,1
633,859927,1208,25,1
634,736110,1292,25,1
635,4549,1209,27,1
636,212687,1041,24,1
637,572968,1208,22,1
638,275618,1209,28,1
639,334641,1250,23,1
640,734765,1166,25,1
641,955763,1250,24,1
642,251517,1208,26,1
643,849885,1625,28,1
644,391173,1083,26,1
645,192848,1292,26,1
646,79722,1250,25,1
647,521801,1083,24,1
648,769934,1209,27,1
649,522708,1375,28,1
650,622666,1083,19,1
651,319626,1542,27,1
652,773936,1208,27,1
653,191664,1125,26,1
654,1344,1458,26,1
655,555133,1209,25,1
656,57702,1208,28,1
657,339163,1250,23,1
658,884757,1500,19,1
659,641675,1250,26,1
660,630890,1250,21,1
661,14836,1125,26,1
662,716319,1250,24,1
663,45241,1459,28,1
664,215566,1250,25,1
665,921184,1250,23,1
666,645513,1209,25,1
667,95360,1375,28,1
668,257667,1625,28,1
669,323332,1208,26,1
670,628472,1209,22,1
671,406882,1250,22,1
672,781440,1375,24,1
673,735382,1291,25,1
674,551500,1166,25,1
675,409387,1291,27,1
676,217006,1166,25,1
677,295193,1291,22,1
678,485101,1250,26,1
679,269827,1500,23,1
680,432323,7083,27,1
681,791094,1250,25,1
682,489369,1166,24,1
683,822073,1250,25,1
684,777573,1583,27,1
685,47441,1166,29,1
686,63919,1167,28,1
687,79185,1375,25,1
688,52513,1041,22,1
689,178896,1208,25,1
690,314528,1209,24,1
691,687437,1208,24,1
692,926337,1209,18,1
693,386840,1292,26,1
694,338274,1333,23,1
695,835541,1875,27,1
696,6694,1166,27,1
697,412345,1250,27,1
698,270329,1208,20,1
699,6815,1833,30,1
700,922447,1417,20,1
701,240821,1500,24,1
702,339659,1583,22,1
703,960912,1750,23,1
704,510857,4625,33,1
705,471779,1291,24,1
706,347236,1292,23,1
707,87890,1250,25,1
708,450138,1208,25,1
709,323402,1334,27,1
710,389440,1334,26,1
711,26986,1292,25,1
712,139450,1208,25,1
713,413508,1083,23,1
714,480548,1333,24,1
715,344526,1375,29,1
716,979678,1208,22,1
717,791084,1417,28,1
718,316283,1250,25,1
719,138206,1291,22,1
720,179595,279125,36,1
721,24907,1458,24,1
722,91929,1250,24,1
723,502301,1208,21,1
724,767542,1292,25,1
725,923426,1292,22,1
726,391226,1334,27,1
727,613763,1208,21,1
728,162326,1292,21,1
729,143694,1000,22,1
730,320524,1542,26,1
731,413698,1500,28,1
732,676150,1459,27,1
733,96169,1250,26,1
734,592283,1333,26,1
735,630344,1167,19,1
736,705512,1333,25,1
737,746747,1166,23,1
738,796029,1416,29,1
739,382615,2541,34,1
740,600522,1917,28,1
741,431737,1208,27,1
742,757751,1291,26,1
743,530830,1250,24,1
744,981189,916,16,1
745,572134,1166,22,1
746,119782,1208,23,1
747,813595,1292,25,1
748,673871,1167,24,1
749,256788,1417,28,1
750,233087,1125,22,1
751,7569,1209,27,1
752,282968,1250,24,1
753,59943,1125,26,1
754,463174,1250,24,1
755,611034,1208,24,1
756,861502,1500,26,1
757,470406,1250,23,1
758,636746,1583,29,1
759,123366,1208,28,1
760,840065,1208,23,1
761,360573,1208,24,1
762,480719,2250,33,1
763,223096,1250,26,1
764,186041,1125,25,1
765,121036,1250,27,1
766,587081,1125,20,1
767,511541,1250,27,1
768,426171,1208,23,1
769,637461,1167,25,1
770,417376,1209,26,1
771,578044,1167,23,1
772,149290,1250,22,1
773,425111,1917,28,1
774,889323,1291,23,1
775,583636,1125,25,1
776,126602,1042,23,1
777,796457,1125,26,1
778,509598,1417,30,1
779,433974,1209,25,1
780,462237,1458,27,1
781,145309,1292,24,1
782,606575,1334,25,1
783,450247,1167,23,1
784,521547,1334,26,1
785,987138,1291,20,1
786,716587,1375,23,1
787,592386,2334,35,1
788,611681,1333,23,1
789,592100,1209,20,1
790,347656,1333,25,1
791,662653,1375,25,1
792,937287,1375,21,1
793,271225,1500,28,1
794,323994,1708,27,1
795,47490,1542,30,1
796,423014,1417,26,1
797,98043,1375,24,1
798,788670,2375,34,1
799,770215,1334,26,1
800,288087,1416,26,1
801,613544,1250,21,1
802,578084,1500,26,1
803,588427,1542,29,1
804,295308,1375,23,1
805,882418,1334,23,1
806,783301,2292,30,1
807,228183,1375,25,1
808,136829,1583,28,1
809,836508,1334,25,1
810,898724,1375,23,1
811,714826,1417,27,1
812,901105,1167,22,1
813,230647,1375,24,1
814,161713,1333,22,1
815,212617,1459,27,1
816,210549,1209,25,1
817,664927,875,14,1
818,737624,1416,24,1
819,772400,1459,26,1
820,301660,3125,36,1
821,584005,1417,26,1
822,958973,1250,20,1
823,285321,1292,25,1
824,965660,1167,20,1
825,804813,1334,24,1
826,432962,1458,28,1
827,962490,1375,22,1
828,327306,1416,25,1
829,707054,1291,22,1
830,211728,1209,27,1
831,929923,1416,25,1
832,505255,1375,23,1
833,483758,1458,24,1
834,729929,1417,25,1
835,153542,1333,24,1
836,107571,1416,26,1
837,309446,1333,25,1
838,464524,1209,22,1
839,46490,1583,26,1
840,942651,1292,23,1
841,127768,1333,25,1
842,533542,2667,39,1
843,564366,1417,24,1
844,544560,1500,24,1
845,298506,1541,26,1
846,94931,2625,35,1
847,336769,1292,23,1
848,501904,1541,24,1
849,78958,1208,20,1
850,167139,1417,27,1
851,578116,2750,33,1
852,134160,1375,25,1
853,593128,1250,23,1
854,368901,1458,26,1
855,477111,2542,33,1
856,505530,1542,25,1
857,914966,1333,22,1
858,435613,1333,25,1
859,750801,1500,26,1
860,540547,1458,26,1
861,838339,1250,23,1
862,505140,1375,24,1
863,76820,1375,25,1
864,161631,1375,23,1
865,276968,1375,27,1
866,982154,1541,24,1
867,346923,1167,24,1
868,588535,1583,29,1
869,218573,1333,26,1
870,82301,2292,33,1
871,120117,1166,21,1
872,492985,1584,27,1
873,778326,1333,24,1
874,724157,1375,25,1
875,965776,1333,21,1
876,460906,1250,25,1
877,569828,1458,24,1
878,104658,1542,28,1
879,717957,1292,23,1
880,611485,1291,22,1
881,238704,1333,23,1
882,289667,1208,24,1
883,114612,1125,21,1
884,928326,1583,26,1
885,902518,1250,23,1
886,352738,1375,27,1
887,852228,1334,25,1
888,890743,1459,23,1
889,277371,1041,21,1
890,194547,1292,25,1
891,184655,1292,24,1
892,292005,1167,22,1
893,391327,2500,36,1
894,809001,1375,25,1
895,161451,1167,21,1
896,960344,1333,21,1
897,765381,1541,27,1
898,888971,1250,21,1
899,143903,1416,23,1
900,672742,1291,25,1
901,58656,1333,25,1
902,602428,1459,23,1
903,753790,1333,25,1
904,929182,1333,23,1
905,337865,1334,23,1
906,998661,1250,19,1
907,842701,1458,27,1
908,856722,1500,25,1
909,899399,1291,25,1
910,797442,1209,24,1
911,790974,1208,24,1
912,530536,1333,23,1
913,347705,1250,23,1
914,871890,1375,24,1
915,830556,1375,27,1
916,793613,1334,27,1
917,566844,1458,26,1
918,235766,1334,25,1
919,759783,1333,25,1
920,574486,1125,19,1
921,564743,2333,34,1
922,566433,1458,28,1
923,633040,1375,25,1
924,623946,1292,21,1
925,735393,1500,24,1
926,451489,2250,34,1
927,146571,1291,22,1
928,362832,1459,26,1
929,567852,1542,28,1
930,625781,1125,20,1
931,197304,1583,28,1
932,690994,1500,24,1
933,429069,1334,22,1
934,541923,1333,24,1
935,464227,1250,24,1
936,547404,1209,24,1
937,413038,1209,24,1
938,398344,1375,25,1
939,240933,1584,27,1
940,569577,1333,24,1
941,301611,1417,23,1
942,953891,1542,25,1
943,549698,1292,23,1
944,738858,1416,25,1
945,245926,1250,24,1
946,330829,1375,23,1
947,542348,2500,34,1
948,867720,1416,22,1
949,887827,1416,23,1
950,78502,1458,25,1
951,909314,1417,26,1
952,44034,1500,28,1
953,792314,1584,27,1
954,902925,1416,25,1
955,521918,1375,26,1
956,681665,1458,25,1
957,739390,1417,25,1
958,235616,1417,26,1
959,95326,1375,24,1
960,678721,1500,29,1
961,439487,1416,28,1
962,690078,1375,25,1
963,436182,1583,29,1
964,801281,1292,25,1
965,992957,1334,21,1
966,648315,2375,33,1
967,276107,1458,27,1
968,314314,1417,26,1
969,302219,1333,25,1
970,312688,1333,24,1
971,91538,1250,22,1
972,258422,1416,24,1
973,178,1541,28,1
974,508994,875,11,1
975,897288,1208,22,1
976,576681,1542,24,1
977,734892,1500,26,1
978,899696,1375,26,1
979,286043,1333,26,1
980,61438,1375,27,1
981,547719,1375,24,1
982,813895,1417,25,1
983,399153,1458,28,1
984,87950,1125,23,1
985,102989,1291,25,1
986,128094,1333,25,1
987,341969,1542,29,1
988,150648,1125,23,1
989,592448,1375,25,1
990,751679,1375,25,1
991,657668,1375,25,1
992,759360,1333,26,1
993,262866,1333,21,1
994,827095,1458,24,1
995,762423,2542,36,1
996,989950,1375,20,1
997,903683,1209,23,1
998,684734,1291,25,1
999,801369,1250,26,1
